{
  "metadata": {
    "name": "69shu.tw",
    "author": "HuongMT",
    "version": 1,
    "source": "https://www.69shu.tw/",
    "regexp": "^https://www\\.69shu\\.tw/book/\\d+\\.html$",
    "description": "Đọc truyện trên trang 69shu.tw",
    "locale": "zh_CN",
    "language": "javascript",
    "type": "chinese_novel"
  },
  "script": {
    "home": "home.js",
    "detail": "detail.js",
    "toc": "toc.js",
    "chap": "chap.js",
    "genre": "genre.js",
    "search": "search.js"
  }
}