{
  "metadata": {
    "name": "nhieutruyen",
    "author": "HuongMT",
    "version": 3,
    "source": "https://nhieutruyen.com/",
    "regexp": "nhieutruyen.com/truyen/.*?",
    "description": "Đọc truyện trên trang qidian-vp.com",
    "locale": "vi_VN",
    "type": "novel",
    "language": "javascript"
  },
  "script": {
    "home": "home.js",
    "detail": "detail.js",
    "search": "search.js",
    "genre": "genre.js",
    "toc": "toc.js",
    "chap": "chap.js"
  }
}
