{
  "metadata": {
    "name": "bqquge",
    "author": "HuongMT",
    "version": 1,
    "source": "https://www.bqquge.com",
    "regexp": "^https?:\/\/www\\.bqquge\\.com\/\\d+\\/?$",
    "description": "Đọc truyện trên trang bqquge.com",
    "locale": "zh_CN",
    "language": "javascript",
    "type": "chinese_novel"
  },
  "script": {
    "home": "home.js",
    "detail": "detail.js",
    "toc": "toc.js",
    "chap": "chap.js",
    "genre": "genre.js",
    "search": "search.js"
  }
}