{
  "metadata": {
    "name": "Cà Chua",
    "author": "HuongMT",
    "version": 4,
    "source": "https://sangtacviet.app/search/?find=&host=fanqie&minc=0&sort=update&tag=",
    "regexp": "https://fanqienovel.com/(.*?)$",
    "description": "Cà Chua",
    "locale": "zh_CN",
    "tag": "",
    "type": "chinese_novel"
  },
  "script": {
    "home": "home.js",
    "genre": "genre.js",
    "detail": "detail.js",
    "search": "search.js",
    "toc": "toc.js",
    "chap": "chap.js"
  }
}
