{
  "metadata": {
    "name": "Gấu trúc (dxmwx)",
    "author": "HuongMT",
    "version": 8,
    "source": "https://www.dxmwx.org/",
    "regexp": "^https?://(?:www\\.)?dxmwx\\.org/book/\\d+\\.html$",
    "description": "Đọc truyện trên trang https://www.dxmwx.org/",
    "locale": "zh_CN",
    "language": "javascript",
    "type": "chinese_novel"
  },
  "script": {
    "home": "home.js",
    "detail": "detail.js",
    "toc": "toc.js",
    "chap": "chap.js",
    "genre": "genre.js",
    "page": "page.js",
    "search": "search.js"
  }
}
