{
  "metadata": {
    "name": "uukanshu",
    "author": "HuongMT",
    "version": 42,
    "source": "https://uukanshu.cc",
    "regexp": "https://uukanshu.cc/book/\\d+/",
    "description": "Đọc truyện trên trang https://uukanshu.cc",
    "locale": "zh_CN",
    "language": "javascript",
    "type": "chinese_novel"
  },
  "script": {
    "home": "home.js",
    "detail": "detail.js",
    "search": "search.js",
    "toc": "toc.js",
    "chap": "chap.js",
    "genre": "genre.js"
  }
}