{
  "metadata": {
    "name": "1qxs",
    "author": "HuongMT",
    "version": 1,
    "source": "https://www.1qxs.com",
    "regexp": "^https?:\\/\\/(?:www\\.)?1qxs\\.com\\/xs_[a-z0-9]+\\/\\d+\\.html$",
    "description": "Đọc truyện trên trang 1qxs.com",
    "locale": "zh_CN",
    "language": "javascript",
    "type": "chinese_novel"
  },
  "script": {
    "home": "home.js",
    "detail": "detail.js",
    "toc": "toc.js",
    "chap": "chap.js",
    "genre": "genre.js",
    "search": "search.js"
  }
}