{
  "metadata": {
    "name": "Groq Translate",
    "author": "369",
    "version": 4,
    "source": "https://console.groq.com/",
    "description": "Dịch văn bản bằng Groq API với nhiều key, prompt tùy chỉnh theo thể loại và xử lý lỗi an toàn thông minh.",
    "type": "translate"
  },
  "script": {
    "language": "language.js",
    "translate": "translate.js"
  },
  "config": {
    "support_auto_detect": true,
    "max_length": 10000,
    "required_api_key": "false",
    "support_url": "https://console.groq.com/"
  }
}