{
  "metadata": {
    "name": "m.jjwxc.net",
    "author": "HuongMT",
    "version": 1,
    "source": "https://m.jjwxc.net",
    "regexp": "^https?:\/\/m\\.jjwxc\\.net\/book2\/\\d+(?:\\?.*)?$",
    "description": "Đọc truyện trên trang m.jjwxc.net",
    "locale": "zh_CN",
    "language": "javascript",
    "type": "chinese_novel"
  },
  "script": {
    "home": "home.js",
    "detail": "detail.js",
    "toc": "toc.js",
    "chap": "chap.js",
    "genre": "genre.js",
    "search": "search.js"
  }
}