{
  "metadata": {
    "name": "qidian",
    "author": "HuongMT",
    "version": 4,
    "source": "http://14.225.254.182",
    "regexp": "(wwww.)?(((https://|http://)((sangtacviet.*?)|14.225.254.182)/truyen/(qidian)/1/\\d+.*?))|(book|m|www).qidian.com/(info|book)/(.*?)",
    "description": "Đọc các chương miễn phí qidian, lấy các thông tin trên stv",
    "locale": "zh_CN",
    "language": "javascript",
    "type": "chinese_novel"
  },
  "script": {
    "detail": "detail.js",
    "toc": "toc.js",
    "chap": "chap.js",
    "home": "home.js",
    "search": "search.js",
    "genre": "genre.js"
  }
}
