{
  "metadata": {
    "name": "ptwxz (+stv)",
    "author": "HuongMT",
    "version": 19,
    "source": "https://www.piaotia.com",
    "regexp": "www\\.(ptwxz|piaotian|piaotia)\\.com/bookinfo/\\d+/\\d+\\.html$",
    "description": "Đọc truyện trên trang ptwxz",
    "locale": "zh_CN",
    "language": "javascript",
    "type": "chinese_novel"
  },
  "script": {
    "detail": "detail.js",
    "home": "home.js",
    "toc": "toc.js",
    "chap": "chap.js",
    "genre": "genre.js",
    "search": "search.js"
  }
}