{
  "metadata": {
    "name": "piaotia",
    "author": "HuongMT",
    "version": 27,
    "source": "https://sangtacviet.app/search/?find=&host=ptwxz&minc=0&sort=update&tag=",
    "regexp": "https?://(?:www\\.(?:ptwxz|piaotian|piaotia)\\.com/bookinfo|sangtacviet\\.app/truyen/(?:ptwxz|piaotian|piaotia))/\\d+/\\d+(?:\\.html|/)?$",
    "description": "Đọc truyện trên trang ptwxz",
    "locale": "zh_CN",
    "language": "javascript",
    "type": "chinese_novel"
  },
  "script": {
    "detail": "detail.js",
    "home": "home.js",
    "toc": "toc.js",
    "chap": "chap.js",
    "genre": "genre.js",
    "search": "search.js"
  }
}