{
  "metadata": {
    "name": "69shux.co",
    "author": "HuongMT",
    "version": 1,
    "source": "https://69shux.co",
    "regexp": "^https?:\/\/69shux\\.co\/book\/\\d+\\.html$",
    "description": "Đọc truyện trên trang 69shux.co",
    "locale": "zh_CN",
    "language": "javascript",
    "type": "chinese_novel"
  },
  "script": {
    "home": "home.js",
    "detail": "detail.js",
    "toc": "toc.js",
    "chap": "chap.js",
    "genre": "genre.js",
    "search": "search.js"
  }
}