{
  "metadata": {
    "name": "69shuba.tw",
    "author": "HuongMT",
    "version": 46,
    "source": "https://69shuba.tw/",
    "regexp": "^https?:\\/\\/(?:www\\.)?69shuba\\.tw\\/book\\/(\\d+)\\/?$",
    "description": "Đọc truyện trên trang 69shuba.tw",
    "locale": "zh_CN",
    "language": "javascript",
    "type": "chinese_novel"
  },
  "script": {
    "home": "home.js",
    "detail": "detail.js",
    "page": "page.js",
    "toc": "toc.js",
    "chap": "chap.js",
    "genre": "genre.js",
    "search": "search.js"
  }
}