{
  "metadata": {
    "name": "wcshuba",
    "author": "HuongMT",
    "version": 4,
    "source": "https://wcshuba.com",
    "regexp": "^https?:\\/\\/(?:www\\.)?wcshuba\\.com\\/book\\/(\\d+)\\.html$",
    "description": "Đọc truyện trên trang wcshuba.com",
    "locale": "zh_CN",
    "language": "javascript",
    "type": "chinese_novel"
  },
  "script": {
    "home": "home.js",
    "detail": "detail.js",
    "page": "page.js",
    "toc": "toc.js",
    "chap": "chap.js",
    "genre": "genre.js",
    "search": "search.js"
  }
}