{
  "metadata": {
    "name": "101kks",
    "author": "HuongMT",
    "version": 7,
    "source": "https://101kks.com",
    "regexp": "^https?:\/\/101kks\\.com\/book\/\\d+\\.html$",
    "description": "Đọc truyện trên trang 101kks.com",
    "locale": "zh_CN",
    "language": "javascript",
    "type": "chinese_novel"
  },
  "script": {
    "home": "home.js",
    "detail": "detail.js",
    "toc": "toc.js",
    "chap": "chap.js",
    "genre": "genre.js",
    "search": "search.js"
  }
}