{
  "metadata": {
    "name": "idejian (+stv)",
    "author": "HuongMT",
    "version": 17,
    "source": "https://www.idejian.com",
    "regexp": "www.idejian.(.*?)/book/\\d+/?",
    "description": "Đọc truyện trên idejian",
    "locale": "zh_CN",
    "language": "javascript",
    "type": "chinese_novel"
  },
  "script": {
    "home": "home.js",
    "genre": "genre.js",
    "search": "search.js",
    "detail": "detail.js",
    "page": "page.js",
    "toc": "toc.js",
    "chap": "chap.js"
  }
}