{
  "metadata": {
    "name": "60ksw",
    "author": "HuongMT",
    "version": 1,
    "source": "http://www.60ksw.com",
    "regexp": "https?:\\/\\/www\\.60ksw\\.com\\/ks\\/\\d+\\/(\\d+)\\/(.*)\\.html",
    "description": "Đọc truyện trên trang www.60ksw.com",
    "locale": "zh_CN",
    "language": "javascript",
    "type": "chinese_novel"
  },
  "script": {
    "home": "home.js",
    "detail": "detail.js",
    "toc": "toc.js",
    "chap": "chap.js",
    "genre": "genre.js",
    "search": "search.js"
  }
}