{
  "metadata": {
    "name": "jhsssd",
    "author": "HuongMT",
    "version": 1,
    "source": "https://www.jhsssd.com",
    "regexp": "https?:\\/\\/(www|m)\\.jhsssd\\.com\\/(\\d+)\\/",
    "description": "Đọc truyện trên trang www.jhsssd.com",
    "locale": "zh_CN",
    "language": "javascript",
    "type": "chinese_novel"
  },
  "script": {
    "home": "home.js",
    "detail": "detail.js",
    "toc": "toc.js",
    "chap": "chap.js",
    "genre": "genre.js",
    "search": "search.js"
  }
}