{
  "metadata": {
    "name": "twkan.com",
    "author": "HuongMT",
    "version": 14,
    "source": "https://twkan.com/",
    "regexp": "^https?:\\/\\/twkan\\.com\\/book\\/\\d+\\.html$",
    "description": "Đọc truyện trên trang twkan.com",
    "locale": "zh_CN",
    "language": "javascript",
    "type": "chinese_novel"
  },
  "script": {
    "home": "home.js",
    "detail": "detail.js",
    "toc": "toc.js",
    "chap": "chap.js",
    "genre": "genre.js",
    "search": "search.js"
  }
}